1	Renaldo Rayner	renaldorayner83@gmail.com	8094813968	Jahnstrasse 80 Maitenbeth BY 83558	99259583493399614656
2	Maisie Merriweather	merriweathermaisie@gmail.com	9730776634	Via Loreto 139 Lisciano AP 63100	24624327012532168715
3	Marceline Maney	marcelinemaney109@gmail.com	2921687144	Esplanade 13 Pentling BY 93078	92718990315656466711
4	Gracia Gingras	gingrasgracia@gmail.com	5088687921	Piazza Mercato 5 Viggiano PZ 85059	17885095530388746678
5	Paula Precourt	precourtpaula@gmail.com	2832739681	45 Ballifeary Road BALLIMORE FK19 7DB	45142337869379218816
6	Marti Mawson	mawsonmarti@gmail.com	7660399272	3316 Thorn Street Rock Springs WY 82901	44636175236508846652
7	Tiffanie Twomey	twomeytiffanie@gmail.com	5872474868	Hardenbergstraße 49 Kappeln SH 24371	81419887033763729473
8	Berta Bang	bangberta@gmail.com	5234820688	4095 Simons Hollow Road Wilkes Barre PA 18701	11543340585269088672
9	Nelson Norby	nelsonnorby114@gmail.com	1646844739	1157 43rd Avenue Whitehorse NT Y1A 2A2	90435050014626422166
10	Mariette Mccain	mccainmariette@gmail.com	6440394244	54 Harrogate Road SADDELL PA28 6SX	34009251385904436714
11	Laura Laven	lauralaven98@gmail.com	4484538992	Rosenstrasse 28 München BY 81605	41263876848982479739
12	Nam Nawrocki	namnawrocki99@gmail.com	3200781816	Via delle Coste 132 Configni RI 02040	75443314993039946252
13	Linn Luse	linnluse52@gmail.com	9103031312	1978 Dufferin Street Toronto ON M6H 4B6	75648980030349003724
14	Glory Gadbois	glorygadbois29@gmail.com	6016641769	3923 Adelaide St Toronto ON M5H 1P6	23532533858240508948
15	Laverna Lagrange	lagrangelaverna@gmail.com	3018681443	4364 Bay Street Toronto ON M5J 2R8	49822487437700420368
16	Ronald Rivera	ronaldrivera@gmail.com	2079751314	Esplanade 46 Altenthann BY 93177	71465842501421843321
17	Marvin Morneau	marvinmorneau49@gmail.com	6631364606	4 Coleman Avenue Palm Springs CA 92262	36227962106534977306
18	Carter Chica	carterchica@gmail.com	6425989607	4545 Cedarstone Drive Toledo OH 43613	96283365463907097595
19	Misty Mccutchen	mistymccutchen123@gmail.com	8691417481	644 Brannon Avenue Jacksonville FL 32217	62165741670872768612
20	Porfirio Pille	porfiriopille@gmail.com	9905514017	1341 Hartland Avenue Appleton WI 54911	16811853455240900734
21	Ena Eggebrecht	enaeggebrecht16@gmail.com	5861103488	977 Sherman Street Chapman KS 67431	38946792266667885133
22	Karole Korte	karolekorte@gmail.com	2381414092	2458 Wood Duck Drive Marquette MI 49855	49276960347114919262
23	Pasty Poarch	pastypoarch85@gmail.com	3581832957	1855 Diane Street Camarillo CA 93010	39450275646997182739
24	Doyle Dowell	doyledowell@gmail.com	9632586453	Via Pasquale Scura 133 Monzone MS 54025	45905183749939041972
25	Veta Verdi	vetaverdi@gmail.com	9011599244	4400 Boundary Street Jacksonville FL 32217	51309602643502745639
26	Georgia Glover	georgiaglover@gmail.com	1054765912	3032 Keyser Ridge Road Randleman NC 27317	84793415059753499248
27	Theressa Thompson	theressathompson7@gmail.com	2436187428	Via del Piave 96 Borgo San Martino AL 15032	60924076683329531938
28	Serena Swart	serenaswart26@gmail.com	5106290488	Ufnau Strasse 23 Kaufbeuren BY 87586	19000068013208740148
29	Valrie Veit	valrieveit57@gmail.com	7754658665	Unter den Linden 17 Neubrandenburg MV 17008	98580481715003426801
30	Bette Benavidez	bettebenavidez79@gmail.com	7586375943	2438 August Lane Minden LA 71055	51307115287431891101
31	Ouida Ogren	ogrenouida@gmail.com	9749236371	1 Harrogate Road RUSHFORD IP24 2RT	78648953162893696918
32	Page Pernell	pagepernell1@gmail.com	5959234946	576 Poe Road Charleston SC 29405	22171824642691780865
33	Isis Ikner	isisikner@gmail.com	9696820986	1243 Bastin Drive Warminster PA 18974	32983038692295998055
34	Contessa Crisman	crismancontessa@gmail.com	1268008016	Via delle Viole 73 Challand Saint Anselme AO 11020	23817847641157245212
35	Shaniqua Sturdivant	shaniquasturdivant84@gmail.com	5537737890	99 Whatlington Road COULTERSHAW BRIDGE GU28 2HD	89119806219901374605
36	Chantelle Cady	cadychantelle@gmail.com	2221950062	Hardenbergstraße 57 Altenglan RP 66885	88677475804736202827
37	Ken Kinney	kinneyken@gmail.com	6932005067	Prager Str 18 Kranzberg BY 85402	36314901716644068895
38	Charmain Casper	caspercharmain@gmail.com	4620625915	38 Arlington Avenue Des Arc AR 72040	97053075983647815902
39	Adriene Aslett	aslettadriene@gmail.com	7810658563	2278 Half and Half Drive Cantua Creek CA 93608	64387554547384111013
40	Mercy Mires	mercymires@gmail.com	4324274767	14 Withers Close ALLENSMORE HR2 3ZU	12281846503880101237
41	Zackary Zamudio	zackaryzamudio@gmail.com	9071445224	547 Reserve St Seeleys Bay ON K0H 2N0	14836872377179391730
42	Calista Carlen	calistacarlen86@gmail.com	5937501865	4724 Fantages Way West Enfield ME 04493	14803546440235144666
43	Barbera Berk	barberaberk@gmail.com	4536239014	2535 5th Avenue Fort Vermilion AB T0H 1N0	46371027569716060948
44	Phung Pilla	phungpilla60@gmail.com	1318820077	Brandenburgische Straße 7 Berlin Kreuzberg BE 10961	90572967786847678355
45	Bree Byas	byasbree@gmail.com	6001921911	1236 Bridgeport Rd Orangeville ON L9W 2C8	63846903600659527894
46	Hedy Harig	hedyharig@gmail.com	5583437548	3448 43rd Avenue Whitehorse NT Y1A 2A2	30866789591340889894
47	Gia Graybill	graybillgia@gmail.com	4155704274	3984 Hudson Street Newark NJ 07102	17203104696058038934
48	Nancie Nevin	nancienevin@gmail.com	1534469635	979 Lockhart Drive Barrie ON L4M 3B1	92827121849890050986
49	Marcelene Martucci	martuccimarcelene@gmail.com	2339790346	75 Whitby Road DHOWIN IM7 9EW	16695738778770820928
50	Solomon Schmidtke	schmidtkesolomon@gmail.com	6120833379	4031 Park Ct Jasper AB T0E 1E0	55710648448338170118
51	Jasper Jahn	jahnjasper@gmail.com	7122955446	2187 Lockhart Drive Barrie ON L4M 3B1	11571441882332505815
52	Vina Vannorman	vannormanvina@gmail.com	1747895353	An der Schillingbrucke 4 Nellingen BW 89191	56199532534869584399
53	Liza Landry	landryliza@gmail.com	5873780254	552 Ray Court Fayetteville NC 28305	73742277703782368878
54	Waneta Wakefield	wanetawakefield@gmail.com	6819529975	Via Torricelli 90 Dare TN 38080	41295472398300669469
55	Etta Ebron	ebronetta@gmail.com	3728568435	3519 Swick Hill Street Hempstead TX 77445	66894488896197988547
56	Myron Mayeda	myronmayeda@gmail.com	5604364819	Via degli Aldobrandeschi 59 Guardiaregia CB 86014	40904402209596676115
57	Lorean Lineman	linemanlorean@gmail.com	7193759790	Lützowplatz 40 Holzerath RP 54316	99093495896314100445
58	Hallie Housman	halliehousman53@gmail.com	8366173271	960 Tycos Dr Toronto ON M5T 1T4	37263411586627952326
59	Johna Jarrard	johnajarrard33@gmail.com	3494346089	80 Leicester Road AVETON GIFFORD TQ7 0ZG	30534972738137852138
60	May Merchant	maymerchant27@gmail.com	3437090810	Unter den Linden 96 Schwerin MV 19003	36575294808196829124
61	Susie Stacey	susiestacey4@gmail.com	6260281584	Via Santa Lucia 15 Collepepe PG 06050	76190338539427810150
62	Velva Vanhouten	velvavanhouten@gmail.com	6288679173	4625 Radford Street Louisville KY 40202	53644192634353184444
63	Britany Batty	battybritany@gmail.com	9859520815	43 Vicar Lane SARNAU SA44 3ZR	35491595429795079535
64	Dario Degroot	dariodegroot@gmail.com	3386029944	Via Scuderlando 98 Forcella TE 64030	81844639071986977612
65	Maricela Meder	maricelameder44@gmail.com	7068359925	Park Str. 84 Köln Chorweiler NW 50769	80966458367149115457
66	Willetta Wacker	wackerwilletta@gmail.com	3803384409	612 rue Parc Sherbrooke QC J1L 1C9	72121599189228565913
67	Kelley Kua	kelleykua@gmail.com	8349645265	Via Torricelli 35 Madonna Di Campiglio TN 38084	68821311492940605610
68	Angla Alameda	alamedaangla@gmail.com	7359195352	4184 Scenic Way Mattoon IL 61938	46057570262122720540
69	Winston Worster	winstonworster81@gmail.com	4037201926	81 Argyll Road LLANDDEWI SA3 5FB	54230932785004400837
70	Jesusita Julian	jesusitajulian61@gmail.com	7063093568	Ollenhauer Str. 86 Stuttgart Stuttgart Flughafen BW 70629	78119738500775075360
71	Issac Island	islandissac@gmail.com	7209402982	2123 Bay Street Toronto ON M5J 2R8	18427387808775760222
72	Paola Purves	paolapurves@gmail.com	6671175077	44 Walwyn Rd CHAPMORE END SG12 4SA	35362661669444327651
73	Andree Ault	aultandree@gmail.com	3890985154	3918 Carling Avenue Ottawa ON K1Z 7B5	30014696557114643414
74	Bertie Becnel	bertiebecnel38@gmail.com	6883955612	1004 Stoney Creek Gainsborough SK S4P 3Y2	41330215998154789828
75	Chadwick Clermont	clermontchadwick@gmail.com	2882959661	Reeperbahn 13 Bartelshagen II MV 18314	38608025033389260200
76	Christie Camberos	camberoschristie@gmail.com	4902853417	Rudolstaedter Strasse 87 Aschaffenburg BY 63736	61349684819111591792
77	Ruthe Redus	rutheredus@gmail.com	6395168875	Frankfurter Allee 58 Freiburg Innenstadt BW 79098	91150737568899581205
78	Allene Adam	adamallene@gmail.com	1826186174	744 Richmond Street Oshawa ON S4P 3Y2	68581440128128601028
79	Jaquelyn Jezierski	jaquelynjezierski@gmail.com	1859938122	1250 Victoria Court Bucksport ME 04416	43744306434774397325
80	Jacquetta Jett	jettjacquetta@gmail.com	4317567889	Via Leopardi 103 Era Samolaco SO 23027	53807113760434742269
81	Isaiah Inman	inmanisaiah@gmail.com	1513270071	Via Venezia 43 Paola Santuario CS 87027	11940076936382256416
82	Eldon Eldredge	eldredgeeldon@gmail.com	2352544515	72 Quay Street NAZEING EN9 6SA	44455653509093260878
83	Nanette Neumeister	nanetteneumeister68@gmail.com	1998565916	Flotowstr. 48 Lutherstadt Wittenberg ST 06871	98306034144289889584
84	Milan Mcgilvray	milanmcgilvray@gmail.com	6569124052	45 Park Terrace GITTISHAM EX14 6HN	25762896942143943627
85	Errol Esslinger	esslingererrol@gmail.com	5492536580	Koenigstrasse 1 Ebersdorf TH 07367	14778784648982825744
86	Gudrun Gates	gatesgudrun@gmail.com	2899427129	91 Stroude Road SISLAND NR14 8DY	98916602561453398042
87	Elmer Elmer	elmerelmer@gmail.com	1215654894	96 Scotsburn Rd TAI'N LON LL54 9AG	98566189640113613877
88	Shalonda Schleifer	schleifershalonda@gmail.com	2937684698	Via Roma 102 Torre San Patrizio AP 63010	47566645515820433420
89	Jerrell Joiner	jerrelljoiner119@gmail.com	3927965866	74 Redcliffe Way WOOKEY HOLE BA5 5WW	41440195463689215431
90	Ricarda Rocamora	rocamoraricarda@gmail.com	9044921799	39 Pendwyallt Road BURRY PORT SA16 1GB	72412709184965190641
91	Delilah Deere	deeredelilah@gmail.com	5115268078	Prager Str 25 Freising BY 85319	89494315400367780521
92	Louise Lager	lagerlouise@gmail.com	2560729919	Via Nuova del Campo 82 Mongiuffi Madonna Della Catena ME 98030	60366672294783463907
93	Willette Whitehill	willettewhitehill@gmail.com	5226147156	2054 Buffalo Creek Road Nashville TN 37218	57986778974757333330
94	Celestine Christenson	celestinechristenson93@gmail.com	2185758420	Via Foria 35 Borello FO 47022	33871870539233768067
95	Micheal Mckibben	mckibbenmicheal@gmail.com	3807558990	2032 Sigley Road Gorham KS 67640	43924716456801569746
96	Yukiko Youngman	youngmanyukiko@gmail.com	5615175286	Heiligengeistbrücke 40 Heilsbronn BY 91557	61787606072875554212
97	Naomi Neel	neelnaomi@gmail.com	7834120516	41 Middlewich Road FITZWILLIAM WF9 9ED	14504120112109653867
98	Shayne Seely	seelyshayne@gmail.com	4769801537	27 Lammas Street GRAVEN ZE2 1YB	88482522836135700889
99	Johanna Jardine	johannajardine@gmail.com	4685616146	Via delle Viole 115 Allein AO 11010	52086600648895527506
100	Meredith Maske	maskemeredith@gmail.com	4261877943	4069 Gladwell Street Memphis TN 38106	26695497056853671197
101	Carin Casperson	carincasperson@gmail.com	9286274419	1587 Terry Fox Dr Fond Du Lac SK S4P 3Y2	90727134292066659048
102	Melba Molter	moltermelba@gmail.com	8096372782	Via Nazario Sauro 121 Lazzate MI 20020	80167392504762631680
103	Edyth Etzel	etzeledyth@gmail.com	5278761445	Rohrdamm 3 Bad Salzuflen Werl-Aspe NW 32107	77644966663457201881
104	Wilford Wang	wilfordwang@gmail.com	6549300977	66 Folkestone Road WINSTER DE4 8EG	84348507192769960773
105	Lisandra Leonardi	lisandraleonardi109@gmail.com	9184483371	Flughafenstrasse 67 Oberviechtach BY 92522	61896869907706406363
106	Tiesha Tomasini	tieshatomasini95@gmail.com	6110143982	398 102nd Avenue Trail BC V1R 3W5	68288098167353536161
107	Erinn Eriksen	eriksenerinn@gmail.com	7215580485	Piazza Giuseppe Garibaldi 26 Montechiarugolo PR 43022	36764964242595122205
108	Javier Job	jobjavier@gmail.com	6740220925	Sonnenallee 10 Hallbergmoos BY 85399	48443627889407721156
109	Frankie Flora	florafrankie@gmail.com	9312754882	672 rue Ontario Ouest Montreal QC H2X 1Y8	18821461542149892168
110	Marisa Medlen	marisamedlen@gmail.com	9390366168	2874 Stiles Street Pittsburgh PA 1521	25918399044105198356
111	Imogene Inks	imogeneinks130@gmail.com	4255828728	Via Giovanni Amendola 2 Cumignano Sul Naviglio CR 26020	61127127581732735428
112	Keren Kampen	kerenkampen@gmail.com	2071119849	Fontenay 61 Münchberg BY 95205	57144284965627575295
113	Eli Estey	esteyeli@gmail.com	3616938997	4150 Kinchant St Prince George BC V2L 3N1	66873287362281768174
114	Trena Tropea	tropeatrena@gmail.com	9279327215	4545 Cork St Guelph ON N1H 2W8	47522809373577355631
115	Quinton Quesnel	quintonquesnel123@gmail.com	6158350607	Via Antonio Cecchi 8 Balmuccia VC 13020	67287271136101670112
116	Dorsey Darsey	dorseydarsey@gmail.com	2555807425	3198 Embro St Bright ON N0J 1B0	71779172520844614826
117	Tashia Tisher	tashiatisher103@gmail.com	5461657806	An der Schillingbrucke 69 Hochdorf BW 88454	59633558756192452910
118	Jammie Jessen	jammiejessen109@gmail.com	5673143435	1807 Kinney Street Springfield MA 01103	21888387160214833155
119	Lesia Larson	lesialarson11@gmail.com	2555281566	63 Winchester Rd MICKLEHURST OL5 7ZQ	74760533235395857405
120	Giselle Goodpaster	gisellegoodpaster@gmail.com	3231432110	79 Grey Street KENTON EX6 1RY	98978523970276223640
121	Andrew Abdalla	andrewabdalla86@gmail.com	7999530664	Holstenwall 54 Selbitz BY 95148	45162691305268616111
122	Nila Netzer	netzernila@gmail.com	2214947821	Rosenstrasse 14 München BY 81619	18410004629809716829
123	Len Lasseter	lenlasseter33@gmail.com	8043711925	Via Castelfidardo 82 Destro CS 87060	69829167378475733024
124	Ressie Rude	ruderessie@gmail.com	7768681729	32 Witney Way KIRKTON OF MARYCULTER AB1 6YF	21713890268833588725
125	Joann Jetton	joannjetton@gmail.com	8260062703	19 Wrexham Road FENNY STRATFORD MK2 5ZF	42077969338383894831
126	Camelia Cendejas	cameliacendejas@gmail.com	6556510223	Park Str. 76 Solingen Höhscheid NW 42659	36365434784280176137
127	Cory Corns	cornscory@gmail.com	1264776919	Via del Caggio 74 Frassineto AR 52040	17572129123303609758
128	Dianne Demario	diannedemario@gmail.com	5040916158	1144 Crummit Lane Exeter NE 68351	52507648761397918767
129	Clair Crete	claircrete126@gmail.com	8119400903	1351 Shinn Street New York NY 10038	17413813726817104791
130	Rachal Rollo	rollorachal@gmail.com	6249761665	Brandenburgische Str. 16 Pliezhausen BW 72124	65138143091829945857
131	Temeka Tilman	temekatilman39@gmail.com	1550199961	4842 Algoma St Thunder Bay ON P7A 4T3	29740303411723383974
132	Norberto Nesby	nesbynorberto@gmail.com	2101492573	An der Schillingbrucke 42 Hüttlingen BW 73460	66067682015748124010
133	Olevia Olmeda	oleviaolmeda9@gmail.com	4746964625	Via Vipacco 25 Bastia SV 17030	54320161310923365462
134	Raven Randazzo	randazzoraven@gmail.com	6027101926	20 Emerson Road KIRBY GRINDALYTHE YO17 6EE	17287340861784042404
135	Merlin Mullin	merlinmullin72@gmail.com	9607617991	77 Academy Street BENBUIE DG3 2UP	31077485013075490744
136	Vina Voshell	vinavoshell17@gmail.com	2088359467	Park Str. 54 Düsseldorf Unterbilk NW 40217	78553525678334553993
137	Georgiann Guse	georgiannguse24@gmail.com	3910617385	3204 Elk City Road Shreveport LA 71101	25280446242587028171
138	Maxima Mcintosh	maximamcintosh2@gmail.com	3557822796	Ufnau Strasse 16 Marktoberdorf BY 87612	91456030455547740464
139	Anitra Amundson	anitraamundson108@gmail.com	5562911975	4582 Oakmound Drive Elmhurst IL 60126	73086482157826221080
140	Valene Vasbinder	valenevasbinder122@gmail.com	2847956826	1545 Center St Vulcan AB T0L 2B0	43799540138503013035
141	Keenan Kettner	kettnerkeenan@gmail.com	4388254082	Via degli Aldobrandeschi 54 Siddi CA 09020	33952714043748771016
142	Magan Mikkelsen	mikkelsenmagan@gmail.com	4130386588	Via del Piave 116 Borghetto Borbera AL 15060	71063998933801674803
143	Emelda Escalera	emeldaescalera@gmail.com	7454060541	78 Kendell Street SHENSTONE DY10 7ZP	58343433576379166979
144	Ernestine Eguia	eguiaernestine@gmail.com	8576558121	Genslerstraße 48 Berlin Tempelhof BE 12109	70443077565955021212
145	Daina Deloney	dainadeloney@gmail.com	4730599812	2549 Whiteman Street Somers Point NJ 08244	11916913579436679801
146	Faustino Farnes	faustinofarnes104@gmail.com	5855745063	Joachimstaler Str. 46 Holzhausen an der Haide RP 56357	85497752568026937941
147	Mayme Marcell	maymemarcell@gmail.com	7984849032	4188 Ganges Road Sooke BC V0S 1N0	10937609367386213374
148	Lady Leverette	leverettelady@gmail.com	8679629773	Waldowstr. 30 Bühlerzell BW 74426	67255156414012445839
149	Lois Laxson	loislaxson@gmail.com	2768489175	591 James Street St Catharines ON L2R 3H6	25910066702734381131
150	Weston Weishaupt	weishauptweston@gmail.com	2873474759	28 Neville Street IDE HILL TN14 3RE	90922100025769361494
151	Chadwick Cosby	chadwickcosby@gmail.com	1447931883	Waldowstr. 98 Wört BW 73499	60232565600561842568
152	Rocky Raye	rayerocky@gmail.com	9587610423	Piazza Bovio 148 Gaggio Di Piano MO 41010	12717374984665530090
153	Isaac Ickes	isaacickes63@gmail.com	8281506742	Via Bernardino Rota 66 Mango CN 12056	91316357394169461575
154	Xavier Xavier	xavierxavier65@gmail.com	9664742386	Lange Strasse 66 München BY 81708	73736401563159085953
155	Reginald Rathbun	reginaldrathbun1@gmail.com	3999532318	Fasanenstrasse 96 Hamburg Klostertor HH 20457	80154479022812881445
156	Lonny Lewter	lewterlonny@gmail.com	3615267577	3764 Glover Road Langley BC V3A 1Z3	37103594717541653090
157	Jerry Jong	jerryjong@gmail.com	4620007886	10 Ross Road MARSTON NG32 4EG	17721235244996561753
158	Jordan Jeffery	jordanjeffery137@gmail.com	7222210272	4110 Bay Street Toronto ON M5J 2R8	75739001771836464994
159	Darrell Dillow	darrelldillow10@gmail.com	6322447199	2319 Main St Lucky Lake SK S0L 1Z0	56288417125619270133
160	Kerry Kisling	kerrykisling@gmail.com	4665212603	3919 40th Street Calgary AB T2M 0X4	58546264301013203639
161	Fritz Fisher	fisherfritz@gmail.com	9744058872	Billwerder Neuer Deich 74 Estenfeld BY 97230	45912198599532938577
162	Antoine Alter	antoinealter75@gmail.com	9096786503	Via Spalato 114 Giudecca VE 30133	39441348445784182077
163	Leon Laine	leonlaine@gmail.com	7972959672	Eschenweg 96 Ilmenau TH 98684	88831179734541825024
164	Levi Lemoine	levilemoine@gmail.com	9648519183	Via dei Fiorentini 47 Roccarainola NA 80030	47148420276717764709
165	Brady Ballin	bradyballin99@gmail.com	4982085116	35 Grey Street KILBRENAN PA73 0XA	15109501470869616621
166	August Antes	augustantes@gmail.com	6221426742	2476 Holdom Avenue Surrey BC V3T 4Y5	89500004594384992715
167	Richard Rhea	richardrhea46@gmail.com	5514871411	Viale Augusto 99 Ventotene LT 04020	27157394349300247500
168	Luis Lepak	lepakluis@gmail.com	3683677088	63 Telford Street BARGOED CF81 1FF	45105401961281421123
169	Sonny Stringer	stringersonny@gmail.com	4167734724	Piazza Cardinale Riario Sforza 57 Tatti GR 58040	49554056939412053287
170	Loren Lheureux	lorenlheureux17@gmail.com	9998265600	Eichendorffstr. 30 Beuron BW 88631	66528209793824576368
171	Terrence Tester	terrencetester92@gmail.com	7952528746	Am Borsigturm 60 Wülfrath NW 42489	21933930160328203991
172	Colton Corbell	corbellcolton@gmail.com	8030751409	Bleibtreustrasse 47 Paderborn Sande NW 33104	53037289372890005916
173	Albert Allman	albertallman@gmail.com	5802583204	Via Alfredo Fusco 116 Torano Castello CS 87010	13572784056048063272
174	Steve Sherwin	stevesherwin@gmail.com	8021806220	Piazza Mercato 127 Oste PO 59013	95550434682650715999
175	Lyle Laman	lylelaman@gmail.com	4229045467	1665 St Jean Baptiste St Sayabec QC G0J 3K0	54354798690242169079
176	Jay Justice	jayjustice@gmail.com	2156303760	3456 Thurston Dr Orleans ON K1C 1T1	10546534156398578749
177	Michale Mccown	michalemccown51@gmail.com	9893822659	3387 Heavens Way Sarasota FL 34236	70355906460577374967
178	Jerald Jin	jinjerald@gmail.com	4523555106	Corso Vittorio Emanuale 51 Campagna PN 33085	50168084666233720689
179	Bradley Boelter	boelterbradley@gmail.com	2421976292	824 Rollins Road Arnold NE 69120	81439616392758470289
180	Anton Amaker	antonamaker@gmail.com	8548634827	1800 Heritage Drive Calgary AB T2V 2W2	45365991295163733012
181	Adrian Asbill	adrianasbill35@gmail.com	4885126511	Via Moiariello 107 Scaletta Uzzone CN 12070	94074908062699251575
182	Ramon Rosenow	ramonrosenow@gmail.com	7354482114	Via Lagrange 121 Caprarola VT 01032	58412522686476849625
183	Franklyn Foulger	franklynfoulger92@gmail.com	1775726060	67 Merivale Road Ottawa ON K2H 5B6	20225473230198614068
184	Bo Bahl	bobahl15@gmail.com	6296486287	Jahnstrasse 55 Wurmsham BY 84189	20906650054160222807
185	Erasmo Erick	erasmoerick10@gmail.com	5458442317	87 Gordon Terrace BASILDON SS14 2XB	82729421064887027112
186	Erin Elderkin	elderkinerin@gmail.com	6903347874	Paul-Nevermann-Platz 93 Schondra BY 97795	89160803898697844159
187	Brooks Blumenthal	brooksblumenthal@gmail.com	7045303297	Via Firenze 54 Sant'Agapito Scalo IS 86070	38141964974771518987
188	Taylor Trull	trulltaylor@gmail.com	6798291481	1306 Blackwell Street Fairbanks AK 99701	98481578642334062951
189	Jeffry Junkins	junkinsjeffry@gmail.com	9836040723	13 Ings Lane DEAL HALL CM0 2ZT	13724294057313575748
190	Demetrius Dion	demetriusdion@gmail.com	3671811564	2724 Birch Street El Paso TX 79915	81317722799002709467
191	Berry Bannon	bannonberry@gmail.com	8552385149	Grosse Praesidenten Str. 16 Limbach BW 74838	65433177866070791450
192	Benito Boedeker	benitoboedeker@gmail.com	3598073344	Amsinckstrasse 29 Glashütte BY 92690	61806173941111104574
193	Reggie Roder	reggieroder@gmail.com	8904298554	2085 Frosty Lane Spencer NY 14883	89535811852186200975
194	Gregg Ginsburg	greggginsburg@gmail.com	5606826472	4473 Rue King Sherbrooke QC J1H 1R4	96924835887985286163
195	Cecil Crandell	crandellcecil@gmail.com	5947865468	92 Holburn Lane HEIGHINGTON DL5 0RS	32956713593788986249
196	Claude Clune	claudeclune@gmail.com	4933999359	Via Santa Lucia 28 Cenerente PG 06070	40856860385263340619
197	Alonso Acevedo	acevedoalonso@gmail.com	7074993444	4874 Wood Street Covington LA 70433	16503385860145415227
198	Bryce Bobadilla	brycebobadilla@gmail.com	9967153527	815 9th Ave Lethbridge AB T1J 2J7	68443720692958365884
199	Sherman Stelle	stellesherman@gmail.com	9631714253	47 Wrexham Rd EWLOE CH5 6QY	95801531346296663468
200	Fred Findley	fredfindley@gmail.com	1463197560	3328 Ruckman Road Oklahoma City OK 73116	12843696932258034612
201	Vinnie Villalba	vinnievillalba@gmail.com	8874193856	Via degli Aldobrandeschi 63 Villaspeciosa CA 09010	99472281243694848652
202	Maricruz Mcgillis	maricruzmcgillis@gmail.com	9265359335	2054 Tanner Street Vancouver BC V5R 2T4	12155436871687427209
203	Dominick Delph	dominickdelph@gmail.com	1354835262	108 Calgary Avenue Penticton BC V2A 2T6	38455003005604252453
204	Dania Demeo	demeodania@gmail.com	4700556710	Via Colonnello Galliano 91 San Martino Dei Mulini RN 47828	90467671698292464010
205	Cherry Ciancio	cherryciancio@gmail.com	9788436456	Gotzkowskystraße 87 Soest NW 59494	67306997685090566596
206	Kareem Kram	kareemkram110@gmail.com	4170454139	4252 Walkers Ridge Way Downers Grove IL 60515	48978846826043801794
207	Dusty Darwin	dustydarwin@gmail.com	1756122582	4640 Charing Cross Rd Chatham ON N7M 2G9	66144212259294015009
208	Christina Cronk	christinacronk@gmail.com	3663008780	50 North Promenade DOLTON EX19 1QY	35391504855249575786
209	Darius Deluca	dariusdeluca28@gmail.com	1327404228	Ellmenreichstrasse 76 Kulmbach BY 95308	26911951406011068055
210	Napoleon Nazzaro	nazzaronapoleon@gmail.com	5919545765	4977 Lockhart Drive Barrie ON L4M 3B1	82586459175386374322
211	Brant Brocato	brocatobrant@gmail.com	6345880765	Via Acrone 58 Murisengo AL 15020	89245714080378945487
212	Ashli Abram	abramashli@gmail.com	1059851518	1862 Liberty Street Farmers Branch TX 75244	30187004006574631138
213	Jeromy Jolicoeur	jeromyjolicoeur80@gmail.com	4508216320	2568 Heritage Drive Calgary AB T2V 2W2	23033295350227830142
214	Seth Secrest	secrestseth@gmail.com	2933151493	Ufnau Strasse 88 Kaufbeuren BY 87588	62387674954173925367
215	Melania Matley	melaniamatley31@gmail.com	6969696528	27 Bridge Street GOATFIELD PA32 6ZH	35663402976827282958
216	May Manseau	maymanseau@gmail.com	9803699218	Via Giulio Camuzzoni 89 Santuario Di Polsi RC 89030	86600024112140444513
217	Star Sutera	suterastar@gmail.com	7371962190	83 Great Western Road LOOSE ME15 3GE	55957994318450015528
218	Otilia Olaughlin	olaughlinotilia@gmail.com	3119291484	Feldstrasse 9 Badingen ST 39579	26565479988658665293
219	Viki Vargo	vargoviki@gmail.com	7600993589	38 St Jean Baptiste St Petite Riviere St Francois QC G0A 2L0	26441911001671547752
220	Cinda Curci	cindacurci43@gmail.com	1540777773	Via Antonio Cecchi 108 Villanova Di Fossalta Di Portogruaro VE 30025	91942075201026615153
221	Jacque Jorstad	jacquejorstad86@gmail.com	8187054787	3629 Heritage Drive Calgary AB T2V 2W2	89250104244622783430
222	Jule Jerrell	julejerrell97@gmail.com	5914773754	Via Antonio Cecchi 12 San Gaetano VE 30021	59272234680929964287
223	Cora Chilson	chilsoncora@gmail.com	9886569336	1402 St. Paul Street St Catharines ON L2V 3G2	14896021923053939316
224	Bettina Bolland	bollandbettina@gmail.com	6499051507	2657 Adelaide St Toronto ON M5H 1P6	34562785639884713249
225	Piyush Kumar	piyushkumar2@gmail.com	2297702779	4587 Bailey Drive Iowa City IA 52240	64754632121160293606
226	Roseanne Rothman	rothmanroseanne@gmail.com	1865589481	675 West Fork Street Sidney MT 59270	92866691732892205123
227	Clementina Carino	clementinacarino69@gmail.com	8578482293	Vicolo Tre Marchetti 148 Fonte TV 31010	68056166584629700139
228	Chung Crowe	crowechung@gmail.com	3503198583	Via Nuova Agnano 6 Sambuca Val Di Pesa FI 50020	98365743227878770922
229	Mickie Morency	morencymickie@gmail.com	1933043526	84 Stroud Rd OLD BRAMPTON S42 4ZN	63250993342311301425
230	Phillip Pink	phillippink@gmail.com	6415458106	Via Nicola Mignogna 128 Seiano NA 80066	93853966208839133568
231	Piper Pasley	piperpasley@gmail.com	2353923121	1707 Reserve St Coboconk ON K0M 1K0	97060126657488723284
232	Jessica Janson	jessicajanson57@gmail.com	4238789192	Via Antonio Cecchi 24 Bettole Sesia VC 13011	71093389073852094051
233	Siu Schweizer	siuschweizer87@gmail.com	6325146165	Discesa Gaiola 124 Francavilla Sul Sinni PZ 85034	99772762612135295938
234	Adah Allyn	adahallyn@gmail.com	6164522800	Via Giovanni Amendola 121 Farfengo CR 26023	59903887400755252180
235	Cristine Claypool	cristineclaypool46@gmail.com	9359597799	Largo Febo 136 Cogozzo BS 25069	58126002020772415440
236	Meda Mirabella	medamirabella124@gmail.com	8092060179	4803 Hastings Street Vancouver BC V6C 1B4	61181133330275649055
237	Pamula Plunk	plunkpamula@gmail.com	3795955144	Inge Beisheim Platz 98 Hoisdorf SH 22955	15738161614109750727
238	Tommie Tynan	tynantommie@gmail.com	9789634790	32 Park Terrace GILLOW HEATH ST8 4AA	77045129943044796614
239	Kennith Karpinski	kennithkarpinski@gmail.com	1137784706	32 High St THORPE MALSOR NN14 8JF	37634983926980907733
240	Bulah Brookman	bulahbrookman84@gmail.com	1895932992	Messedamm 15 Halle ST 06021	46727586948877864319
241	Jolyn Janecek	jolynjanecek106@gmail.com	8429978818	2878 Queen Elisabeth Blvd Kinistino SK S4P 3Y2	68246025703673247334
242	Miesha Mandeville	mieshamandeville29@gmail.com	4427327406	1559 Emily Renzelli Boulevard San Jose CA 95131	23215462528472865407
243	Hyon Hindle	hyonhindle@gmail.com	7447967493	3858 Victoria Park Ave Toronto ON M2J 3T7	22527182622305362970
244	Maddie Mcgonigal	maddiemcgonigal49@gmail.com	2377943894	4879 Geraldine Lane New York NY 10011	44627766989132862783
245	Delfina Dickert	delfinadickert@gmail.com	3633797881	Piazza Principe Umberto 6 Firenze FI 50142	84842708619843825720
246	Mohamed Masek	mohamedmasek@gmail.com	5692681492	671 Sumner Street Burbank CA 91504	73237935866830857508
247	Coletta Chenault	colettachenault@gmail.com	4692203698	72 Worthy Lane MATSON GL4 3AS	54282439406236203903
248	Katie Kizer	kizerkatie@gmail.com	7013239127	50 Bullwood Rd ST GENNYS EX23 8ET	98942572970128533457
249	Kara Kaplan	kaplankara@gmail.com	3790121268	Via Nizza 129 Roverbasso TV 31013	24929501493823576023
250	Marketta Morales	markettamorales30@gmail.com	3736148949	1284 Mesa Vista Drive Logan Lake BC V0K 1W0	43120357507932604052
251	Ayesha Alessi	alessiayesha@gmail.com	5146406345	Vicolo Cieco Fondachetto 134 Omignano Stazione SA 84060	60930499916859675748
252	Marna Makela	marnamakela130@gmail.com	8746711260	3754 Park Ct Tomahawk AB T0E 2H0	55442561622338097798
253	Breanne Borgmeyer	borgmeyerbreanne@gmail.com	8780412872	14 Walden Road GREATHAM TS25 9RE	45897350292553842552
254	Shandi Spalla	shandispalla@gmail.com	2908612496	66 Overton Circle LITTLE WALSINGHAM NR22 1FZ	46585035240095859502
255	Serita Shupp	seritashupp117@gmail.com	2689724883	Kurfuerstendamm 6 Gräfelfing BY 82159	15118692092062557693
256	Fannie Fraizer	fanniefraizer33@gmail.com	5820081017	Messedamm 2 Halle ST 06042	92948861911736414464
257	Arlean Alling	arleanalling5@gmail.com	7192003381	Genslerstraße 17 Berlin Wilmersdorf BE 10713	99569370407891957704
258	Valeria Venturini	valeriaventurini@gmail.com	4855880381	Piazza Trieste e Trento 58 Pagno CN 12030	27888178807698748644
259	Guillermo Garton	guillermogarton18@gmail.com	1942766777	90 Lammas Street GREAT CRAKEHALL DL8 0AH	87748748714623209743
260	Anton Alan	alananton@gmail.com	5321207097	Via delle Mura Gianicolensi 34 Casapulla CE 81020	66436175891615936872
261	Tangela Tuff	tufftangela@gmail.com	1580909996	79 Earls Avenue WHITEBROOK NP5 2FN	25311606590127253057
262	Genna Gassner	gassnergenna@gmail.com	5265265353	2141 Alness Street Toronto ON M3J 2J1	12646354064311667634
263	Aleida Arocho	aleidaarocho@gmail.com	8914309675	52 Redcliffe Way WOOLAVINGTON TA7 6LX	20166630825238095850
264	Shante Shack	shanteshack@gmail.com	3978270045	74 Guild Street LONDON SE7 5BY	56894547564792918888
265	Vina Vanlandingham	vinavanlandingham@gmail.com	3902192167	37 Earls Avenue WHITEWELL AB43 0PH	32659316880892722700
266	Rosanna Ribble	ribblerosanna@gmail.com	1157259637	68 St Maurices Road PRESTON ME13 1TQ	37596802804629641574
267	Geralyn Guillen	geralynguillen@gmail.com	8548010849	25 Jubilee Drive CASTON NR17 9HN	61410414229160901477
268	Andria Arbuckle	andriaarbuckle@gmail.com	1571581342	Via Lombardi 48 Presezzo BG 24030	37667292733893906396
269	Annis Apgar	apgarannis@gmail.com	4154857392	44 Warner Close HATLEY ST GEORGE SG19 7TT	87066358093008925441
270	Freeda Fulgham	fulghamfreeda@gmail.com	7462242534	Heiligengeistbrücke 23 Gunzenhausen BY 91702	92419789995103220763
271	Ranee Rathjen	rathjenranee@gmail.com	6787121685	2 Wern Ddu Lane LUBENHAM LE16 0AX	10041953140263716699
272	Jong Jonason	jongjonason@gmail.com	9744895773	55 St James Boulevard HORLEY RH6 9YB	59373426588051787579
273	Candi Cavalier	candicavalier91@gmail.com	9786855586	Viale Augusto 40 Castro Marina LE 73030	33388765745474279262
274	Sharilyn Smelcer	sharilynsmelcer@gmail.com	1262038624	140 Browning Lane Johnson City NY 13790	87937813578265454639
275	Shavonda Salazar	shavondasalazar6@gmail.com	8001409864	636 Parrill Court Crown Point IN 46307	75955282984831307794
276	Arlene Almeda	arlenealmeda@gmail.com	1683085041	479 Rogers Road Toronto ON M6E 1R1	41156351535596896702
277	Kimberlee Kies	kimberleekies75@gmail.com	2251321741	98 Southern Way NORTH HILL PL15 1HR	47890307962043920146
278	Liane Lamphear	lianelamphear36@gmail.com	8044373914	Bleibtreustraße 65 Bad Säckingen BW 79713	59485684404955366829
279	Alysha Allmond	alyshaallmond4@gmail.com	4794453591	816 Chardonnay Drive Seattle WA 98161	95024868029673453666
280	Aracely Auten	autenaracely@gmail.com	5532187909	3868 Fantages Way Portland ME 04101	27183162103778141009
281	Irving Ingram	irvingingram42@gmail.com	1918017225	Luebecker Strasse 77 Wattendorf BY 96196	53554397327230662868
282	Keesha Kozlowski	keeshakozlowski@gmail.com	7892001428	16 Stroud Rd OAKLEY RG23 5RQ	77323612169390154933
283	Elizebeth Erikson	elizebetherikson119@gmail.com	4625869246	Corso Alcide De Gasperi 49 Poggio Franco BA 70124	70948260883905744273
284	Susie Stille	stillesusie@gmail.com	9977736993	Amsinckstrasse 18 Peitz BB 03181	79448630713810577070
285	Adrien Allman	allmanadrien@gmail.com	4217965160	4271 Spinnaker Lane Freeport IL 61032	57487137863693462635
286	Trinity Tigner	tignertrinity@gmail.com	8722689960	480 St Marys Rd Winnipeg MB R3B 3K6	84431561524439094659
287	Qiana Quaid	qianaquaid@gmail.com	4604493453	3212 Broadcast Drive Matthews NC 28105	11825506342973969718
288	Leo Lieber	leolieber@gmail.com	9665351924	Rudower Chaussee 35 Lübeck SH 23554	96421229563436516236
289	Verdell Villano	verdellvillano@gmail.com	6534805751	3611 Clement Street Atlanta GA 30303	61894013776324030289
290	Ines Imler	inesimler@gmail.com	1651478349	140 40th Street Calgary AB T2E 7T6	15719924610155187578
291	Darcel Deshields	darceldeshields@gmail.com	6445033384	3816 Tanner Street Vancouver BC V5R 2T4	35267301212369778247
292	Josephine Joslin	josephinejoslin@gmail.com	9155298772	4054 Polk Street Tucson AZ 85746	84691023237728496953
293	Deanna Dodrill	dodrilldeanna@gmail.com	2760970864	1751 Horner Ave Toronto ON M8W 4Y4	10332557706644150206
294	Vanesa Varghese	vanesavarghese@gmail.com	2307479236	46 Stroude Road SIXPENNY HANDLEY SP5 0BJ	26910469385931281419
295	Myra Mcmorris	mcmorrismyra@gmail.com	7298897343	78 Boat Lane REIGATE RH2 1HP	80222801186337541250
296	Joanna Jason	joannajason76@gmail.com	7215118849	Via delle Coste 125 Borgo San Pietro RI 02020	89139141214501933666
297	Tiara Tabares	tiaratabares@gmail.com	5938267018	Via Acrone 115 Pontestura AL 15027	92041304530142297954
298	Ellyn Elledge	elledgeellyn@gmail.com	4567736064	2472 Maria St Burlington ON L7R 2G6	58671276716070568424
299	Joshua Jennison	jennisonjoshua@gmail.com	9939887844	588 St. John Street Borden SK S4P 3Y2	64086484212485963587
300	Josephina Jeffcoat	jeffcoatjosephina@gmail.com	3882680736	3147 Smithfield Avenue Booker TX 79005	47895371586181146855
301	Nicola Nadeau	nicolanadeau@gmail.com	8312114840	91 Southern Way NORTH KELSEY LN7 0DL	84961255951032398243
302	Lorriane Longmire	longmirelorriane@gmail.com	9887991862	Via Rosmini 2 Castel San Lorenzo SA 84049	60153508459681071246
303	Thelma Tschida	tschidathelma@gmail.com	8475469421	4619 Bay Street Toronto ON M5J 2R8	14468988538131125561
304	Lindsey Letts	lindseyletts@gmail.com	4614203624	3785 Scenicview Drive Tukwila WA 98168	49859937485819954725
305	Weston Wroblewski	wroblewskiweston@gmail.com	4155559195	54 Tadcaster Rd PIPERHALL PA20 1AF	18677525202031197833
306	Marielle Manser	mansermarielle@gmail.com	9679220516	Prenzlauer Allee 60 Halle ST 06002	62251986301344732565
307	Tawana Tardif	tawanatardif@gmail.com	9363584122	Neue Roßstr. 51 Esslingen Berkheim BW 73734	24645544157491345122
308	Kristyn Kemmer	kristynkemmer@gmail.com	4679155499	2909 University Hill Road Witt IL 62094	25523369436049405527
309	Wonda Weiss	wondaweiss@gmail.com	2548925315	Via Santa Teresa degli Scalzi 105 Godrano PA 90030	37032511979210625365
310	Jodee Juneau	jodeejuneau118@gmail.com	6551705858	Bayreuther Strasse 92 Reutlingen Südstadt BW 72766	18313425337543918788
311	Phyllis Prindle	prindlephyllis@gmail.com	7392009177	2944 Hammarskjold Dr Burnaby BC V5B 3C9	65021766003748856644
312	Sharolyn Strum	strumsharolyn@gmail.com	9009209598	4544 Robson St Vancouver BC V6B 3K9	75908684887645623287
313	Rafael Root	rafaelroot90@gmail.com	9342537423	Konstanzer Strasse 16 Dammbach BY 63874	13591439427174308101
314	Sharon Stansel	stanselsharon@gmail.com	9601169604	441 Charleton Ave Hamilton ON L8N 3X3	65276807237523851975
315	Marian Mattera	matteramarian@gmail.com	9100389985	582 chemin Hudson Montreal QC H4J 1M9	25731560017530684579
316	Kimberely Knouse	kimberelyknouse@gmail.com	5074355450	4267 Queens Sq Hespeler ON N3C 1H3	60063743751593197876
317	Lucia Lusher	lucialusher@gmail.com	2909474926	Hoheluftchaussee 24 Engelsdorf SN 04436	62807651322035155041
318	Jacob Johansson	jacobjohansson30@gmail.com	1887746000	8 Ponteland Rd HUGH TOWN TR21 3FH	61027732273546098434
319	Raisa Rew	raisarew@gmail.com	5412158388	Via dei Serpenti 74 Monterotondo BS 25050	79128070243880808534
320	Emily Evan	evanemily@gmail.com	7021291572	Ruschestrasse 41 Halberstadt ST 38803	78398369804614615161
321	Avis Abila	avisabila15@gmail.com	6476593519	2558 Joes Road Albany NY 12210	16021739977044397101
322	Ngoc Nickel	nickelngoc@gmail.com	9750344875	76 Quay Street NEBO LL70 7QX	95579200488624031353
323	Syreeta Starling	syreetastarling@gmail.com	7070516313	Schönhauser Allee 60 Breisach BW 79206	98947358758472623178
324	Farrah Fiecke	fieckefarrah@gmail.com	1182618242	Via Silvio Spaventa 149 Castelcavallino PG 61029	35334802850444288368
325	Shizue Stapp	shizuestapp47@gmail.com	6690082421	Via Lombardi 117 Piazza Brembana BG 24014	57665783419151955761
326	Virginia Virgin	virginiavirgin@gmail.com	8849841462	3226 Tree Frog Lane Independence MO 64052	15123028458739784468
327	Natalya Newland	natalyanewland@gmail.com	5645487071	406 Cork St Guelph ON N1H 2W8	54487436186815522280
328	Christia Collom	collomchristia@gmail.com	9672281254	32 Friar Street CLEIGH PA34 8GJ	41919547633548262672
329	Sandee Shadduck	sandeeshadduck21@gmail.com	6794509270	4644 Geraldine Lane Westbury NY 11590	48153622179751408348
330	Leighann Lafayette	leighannlafayette@gmail.com	2581300792	1384 Hedge Street Elizabeth NJ 07201	57663405574257857395
331	Misty Mcdaniel	mistymcdaniel@gmail.com	7328840545	2417 Kinchant St Haney BC V2V 4H9	23178785471629798216
332	Margarite Mcmanus	margaritemcmanus109@gmail.com	3079506155	3417 Richmond Street Oshawa ON S4P 3Y2	78355329047556639797
333	Ignacio Izaguirre	ignacioizaguirre@gmail.com	1861568833	Via Archimede 85 Lagaro BO 40030	13818149489157788586
334	Carita Cardoso	caritacardoso115@gmail.com	9821729075	Via Giberti 5 Favria TO 10083	36949365376844631695
335	Wendie Willsey	wendiewillsey6@gmail.com	3182595241	1110 Jasper Ave Edmonton AB T5J 3N6	83508371041500836987
336	Donnetta Dade	dadedonnetta@gmail.com	6848533894	5 Roman Rd LEIGHTON BROMSWOLD PE18 6QG	45103507540260099196
337	Horace Harger	horaceharger@gmail.com	6730285081	8 Heatherleigh Cooksville ON L5A 1V9	45330839590870089276
338	Wei Wetherell	weiwetherell@gmail.com	6352730031	Paul-Nevermann-Platz 95 Mellrichstadt BY 97634	78469428010811092278
339	Dwana Doering	dwanadoering@gmail.com	3313143385	2129 Galts Ave Red Deer AB T4N 2A6	58129640880893886376
340	Adele Alvelo	adelealvelo117@gmail.com	3803436404	Rankestraße 13 Pfaffenhofen BY 85262	52640348378406269258
341	Camellia Casanova	camelliacasanova@gmail.com	3880348742	Via Goffredo Mameli 146 Mondaino RN 47836	18098558826255736985
342	Magaret Monti	magaretmonti@gmail.com	7387825889	Lietzenburger Straße 86 Haselünne NI 49740	47217776614061708803
343	Guillermo Galante	guillermogalante64@gmail.com	4659037829	1383 Junkins Avenue Valdosta GA 31601	34134012172892070228
344	Mario Mcpheeters	mcpheetersmario@gmail.com	2661690510	1630 Venture Place Slave Lake AB T0G 2A2	78374306488472663903
345	Chery Cudney	cherycudney35@gmail.com	4548445860	2726 Oakwood Avenue New York NY 10021	99724881885514363312
346	Hoyt Hanke	hankehoyt@gmail.com	6014481261	86 Park Avenue LAVERTON WR12 2PH	38142125933647920434
347	Titus Tullier	titustullier130@gmail.com	9351365108	Viale Ippocrate 123 San Nazzaro Val Cavargna CO 22010	93244593829410614185
348	Veronika Verdi	verdiveronika@gmail.com	7055541769	Via San Domenico 148 Matsch BZ 39020	59123848889209035412
349	Tracey Therrien	traceytherrien@gmail.com	9521282141	Chausseestr. 65 Quickborn SH 25442	55348308297616943367
350	Bailey Boso	bosobailey@gmail.com	6213518659	54 Consett Rd HILLSIDE DD10 8BX	60450058245053128486
351	Anisha Anton	antonanisha@gmail.com	5877515467	13 Hart Road NORTHACRE NR17 9FS	19391350717093111819
352	Devon Dollison	dollisondevon@gmail.com	6012520117	892 Jewell Road Minneapolis MN 55415	42273625345338761571
353	Allen Ash	allenash46@gmail.com	2248742830	Straße der Pariser Kommune 57 Köln Nippes NW 50735	66754037683160795424
354	Jodee Jerry	jodeejerry29@gmail.com	7265985207	Via Antonio Cecchi 81 Scaltenigo VE 30030	47549847678495361609
355	Abe Araya	abearaya63@gmail.com	6761715796	2362 rue Garneau Quebec QC G1V 3V5	44062440324409015239
356	Doreen Dunkel	doreendunkel@gmail.com	4698603319	Waldowstr. 52 Dörzbach BW 74677	95279831475875912141
357	Adelle Ardis	ardisadelle@gmail.com	1039862174	60 Bury Rd HAMPSTHWAITE HG3 8LE	35636668033930845108
358	Elizbeth Elem	elemelizbeth@gmail.com	3012876070	1408 Nootka Street Vancouver BC V5M 3M5	62898558704634691890
359	Omar Oyama	omaroyama@gmail.com	4074971143	Via Galileo Ferraris 35 Bagnolo San Vito MN 46031	48288957851797389301
360	Ranae Ruggerio	ruggerioranae@gmail.com	6199262505	Karl-Liebknecht-Strasse 18 Sottrum NI 27367	80928095956666165766
361	Linsey Luis	linseyluis@gmail.com	5970252979	93 Fosse Way ARDMOLICH PH36 6AY	87986101050836293989
362	Sherlene Scalia	sherlenescalia@gmail.com	5873227406	Bayreuther Strasse 68 Reutlingen Innenstadt BW 72762	57785987159005428309
363	Izola Innes	innesizola@gmail.com	6916263861	Via Licola Patria 5 Castelvetere Sul Calore AV 83040	25963070341358776297
364	Hortensia Haggett	hortensiahaggett@gmail.com	7680043826	6 Scotsburn Rd TAL-Y-CAFN LL28 8YW	90753945386854622039
365	Kiley Kammer	kileykammer@gmail.com	7787842699	71 Main Road AUCHTERARDER PH3 8SS	79804849147903747886
366	Natashia Newhouse	natashianewhouse121@gmail.com	6733452367	3089 Water Street Kitchener ON N2H 5A5	95983594965913483262
367	Cathie Ciccone	cathieciccone@gmail.com	2225609968	21 Sloe Lane CROYDON CR1 6XW	23718202380393998350
368	Thu Torkelson	thutorkelson@gmail.com	5273874752	Via Alfredo Fusco 52 Spezzano Albanese CS 87019	79137352952267355627
369	Lavonda Leasure	lavondaleasure@gmail.com	4076041003	Strada Statale 104 Camburzano BI 13891	51780032116575832450
370	Misha Mccraney	mishamccraney@gmail.com	1023096011	173 Pringle Drive Chicago IL 60606	52832187295871623373
371	Luz Laswell	luzlaswell@gmail.com	9541837048	1821 Twin Oaks Drive Grand Rapids MI 49503	68783890087870794099
372	Marilu Mcwhirter	mcwhirtermarilu@gmail.com	7766503763	Via Torre di Mezzavia 102 Madonna Del Carmine CH 66030	65038020137120826035
373	Erlene Elzy	erleneelzy79@gmail.com	2961119942	Sonnenallee 74 Augsburg BY 86044	77747068562762123497
374	Rheba Riccardi	riccardirheba@gmail.com	3807936980	Hochstrasse 23 Braderup SH 25923	37824085567429664062
375	Catarina Cuadrado	catarinacuadrado126@gmail.com	4712383300	1788 Van Horne Ave Dryden ON P8N 2A7	70240397982408040867
376	Jana Jowett	janajowett47@gmail.com	1210243443	Piazzetta Concordia 84 Sant'Andrea Dei Bagni PR 43048	59974153999990610211
377	Nicole Nish	nicolenish22@gmail.com	5409053708	2939 Tanner Street Vancouver BC V5R 2T4	69802552453571674707
378	Daron Dehaan	darondehaan@gmail.com	6476422122	4107 Township Rd Lloydminster AB T9V 0L9	34016570146637323053
379	Cleta Coate	cletacoate@gmail.com	1751305747	Via dei Serpenti 77 Molinetto BS 25080	98887579735585808173
380	Michelle Martyn	michellemartyn@gmail.com	5263888537	Strada Provinciale 65 102 Colognola Al Piano BG 24126	53730300257732863938
381	Clotilde Cossette	cossetteclotilde@gmail.com	9160958486	2088 Lynden Road Brechin ON L0K 1B0	13334856213068023981
382	Angila Abbey	abbeyangila@gmail.com	4254324922	4764 MacLaren Street Ottawa ON K1P 5M7	36822878183373396498
383	Krystina Kinyon	kinyonkrystina@gmail.com	7209635578	4432 St. John Street Craik SK S4P 3Y2	73865665961234751149
384	Leighann Lenig	leighannlenig@gmail.com	5378924594	Gotzkowskystraße 75 Moers NW 47445	75402068229683436777
385	Aurore Adcock	adcockaurore@gmail.com	5135051767	Via Foria 95 Gambettola FO 47035	11114494633218845624
386	Bettie Brickley	bettiebrickley90@gmail.com	6568087678	1134 White River Way Ogden UT 84403	69143081433532000452
387	Odette Osterberg	odetteosterberg35@gmail.com	6109187987	Via Carlo Cattaneo 144 Cala Reale SS 07040	20152166614056052597
388	Cecelia Capra	capracecelia@gmail.com	2807287374	307 Sand Fork Road Knox IN 46534	39881140876832884603
389	Horace Hilchey	hilcheyhorace@gmail.com	9368575841	47 Fore St TULLICH IV1 7LJ	15118378154188184787
390	Dudley Dempsey	dempseydudley@gmail.com	2129896759	3095 Gladwell Street Carthage TX 75633	52120419765866952952
391	Marcell Malmberg	marcellmalmberg14@gmail.com	4873732433	2 Holgate Rd RANBY LN3 1GE	94770087755536265080
392	Alecia Augustine	augustinealecia@gmail.com	8848893228	2157 Sharon Lane Jefferson City MO 65101	48508787652299476478
393	Ulysses Unger	ulyssesunger@gmail.com	4792785133	4308 Exmouth Street Sarnia ON N7T 4C8	81042821404895381950
394	Hedwig Horiuchi	hedwighoriuchi27@gmail.com	6318271726	61 Foregate Street COCKFIELD DL13 7PR	43023549508673402929
395	Lajuana Langhorne	lajuanalanghorne@gmail.com	8293685311	Via Pasquale Scura 40 Molinello MS 54020	44389848546139764683
396	Charlette Cornman	charlettecornman110@gmail.com	1672427551	Frankfurter Allee 23 Neu-Ulm BY 89211	59009495178676214161
397	Renee Ratner	reneeratner96@gmail.com	3275753266	2503 Palmer Road Westerville OH 43081	68933886782445718345
398	Claribel Cerrato	claribelcerrato43@gmail.com	1406131804	41 Southlands Road PONTNEWYNYDD NP4 2UT	71939998843212598967
399	Gwenn Gulyas	gwenngulyas109@gmail.com	8545875033	623 Tetrick Road Fort Myers FL 33901	13722812265382462034
400	Rosana Rondeau	rondeaurosana@gmail.com	1944019242	5 Hindhead Road EARLSTON TD4 3BQ	79982014291884466522
401	Cassie Champney	champneycassie@gmail.com	2495604868	85 Stroud Rd OKEHAMPTON CAMP EX20 8GN	26850086288264742466
402	Scott Shill	scottshill@gmail.com	6004800789	1866 Pearcy Avenue Decatur IN 46733	44984971151637371767
403	Chelsey Capers	caperschelsey@gmail.com	5082882781	Prenzlauer Allee 79 Leipzig SN 04029	53019182555102485163
404	Star Schaner	schanerstar@gmail.com	9373378159	2 Scrimshire Lane ASHWICK BA3 2AZ	10232346092126522887
405	Irmgard Ivester	irmgardivester@gmail.com	8067355436	Brandenburgische Strasse 57 Annweiler am Trifels RP 76855	73027484696814538615
406	Floy Funches	floyfunches@gmail.com	8542199725	645 47th Avenue Pelly Crossing NT Y0B 1P0	98625209897814662208
407	Scot Steffen	scotsteffen121@gmail.com	4398586956	Waldowstr. 43 Stödtlen BW 73495	11855866964202946926
408	Josefine Jasinski	josefinejasinski@gmail.com	8138836882	224 Dunning Road Cumberland ON K4C 1P5	30047033098212159207
409	King Kahle	kingkahle@gmail.com	5818947939	1488 Stum Lake Road Mcleese Lake BC V0L 1P0	55232266456788037336
410	Kenyetta Kinne	kenyettakinne88@gmail.com	6366935443	2392 Lakewood Drive North Bergen NJ 07047	26621205964967362823
411	Linn Laprade	linnlaprade@gmail.com	9825050494	Pohlstrasse 71 Windhausen NI 37539	58089586663620102937
412	Moshe Mangrum	mangrummoshe@gmail.com	2690640066	2136 Tuna Street Bloomfield Township MI 48302	56947443206858150188
413	Gregg Gaeth	gregggaeth43@gmail.com	8034656223	80 Hendford Hill MOSS DN6 6JH	41775239410901502503
414	Leeanna Litwin	litwinleeanna@gmail.com	8312979412	Via Santa Teresa 15 Carlentini SR 96013	72169598008100834459
415	Elissa Ewing	ewingelissa@gmail.com	3466655069	2677 Duck Creek Road San Carlos CA 94070	18349837068268014674
416	Jessica Jordahl	jordahljessica@gmail.com	3879447606	4265 rue Saint-Antoine Drummondville QC J2C 4N1	20911058016496731307
417	Armandina Arguelles	armandinaarguelles31@gmail.com	4322798985	Pohlstrasse 47 Gittelde NI 37534	79729432718685911185
418	Roseanne Ruland	roseanneruland@gmail.com	1999600805	2749 Arbor Court Cheyenne WY 82003	10421855564469592798
419	Octavio Oneill	oneilloctavio@gmail.com	2946576372	Gotzkowskystrasse 11 Schöneberg RP 57638	89873748422894608506
420	Darci Drescher	darcidrescher130@gmail.com	5533208143	Schoenebergerstrasse 85 Bernsbach SN 08315	22261848198254239220
421	Daron Duhaime	daronduhaime@gmail.com	3730151214	Via Santa Teresa 106 Rosolini SR 96019	15919787895040591711
422	Ambrose Alred	alredambrose@gmail.com	2043194421	Pappelallee 57 Erlbach-Kirchberg SN 09385	87056933821081574518
423	Josette Jennison	josettejennison107@gmail.com	2850906119	Via Capo le Case 135 Villnoss BZ 39040	83452902113140997071
424	Saundra Sheperd	saundrasheperd@gmail.com	3197095125	8 Abbey Row NORWICH NR2 0FD	55998192437678787959
425	Shayne Schillinger	shayneschillinger75@gmail.com	2223284658	82 Station Rd QUARR HILL PO33 8SA	26727742028927896509
426	Tyesha Trahan	tyeshatrahan12@gmail.com	3365324816	1470 Cherry Camp Road Chicago IL 60653	68847487689057012225
427	Burt Brite	burtbrite@gmail.com	6813367373	Via Pisanelli 16 Durazzano RA 48010	45353932811860095310
428	Shay Seago	shayseago@gmail.com	1020387872	Frankfurter Allee 2 Karlsruhe Innenstadt BW 76131	12757602445306521033
429	Truman Tindall	tindalltruman@gmail.com	5354833825	29 Lamphey Road THORLEY STREET CM23 0XE	36224958593819632697
430	Sunday Stransky	stranskysunday@gmail.com	9028071897	1042 Woodvale Drive Belmont ON N0L 1B0	66102250845865499107
431	Sana Seipel	sanaseipel@gmail.com	4932005024	Via Leopardi 74 Samolaco SO 23027	10692044819776388415
432	Grace Glisson	glissongrace@gmail.com	5409604749	2879 Preston Street Wichita KS 67202	74746712824710018725
433	Yetta Yamamoto	yamamotoyetta@gmail.com	1248865514	Via Croce Rossa 41 Torpe NU 08020	25374206022953073799
434	Delores Derryberry	deloresderryberry@gmail.com	4357112948	Bissingzeile 75 Helgoland SH 27485	20314842065040015726
435	Lena Lepage	lepagelena@gmail.com	2951383234	4406 Saint-Denis Street Montreal QC H9R 3J4	65799533620862870798
436	Petrina Payton	petrinapayton69@gmail.com	9241295731	20 Wenlock Terrace PEOVER HEATH WA16 7HW	73030478696444341228
437	Annabel Authement	annabelauthement@gmail.com	9215710463	Via Moiariello 126 Villafalletto CN 12020	41602090817253517955
438	Valrie Violet	violetvalrie@gmail.com	6005938321	444 Goodwin Avenue Yakima WA 98901	13735948957300837095
439	Floria Feagin	floriafeagin@gmail.com	7716674996	4747 Poling Farm Road Norfolk NE 68701	54570510477897837044
440	Tamica Tisher	tamicatisher91@gmail.com	3317268322	44 Worthy Lane MATSON GL4 5ZW	79994191861961252893
441	Tawanda Tuten	tutentawanda@gmail.com	1851011354	Via del Piave 105 Santo Stefano Quisquina AG 92020	94321644625686050964
442	Golden Galvez	goldengalvez@gmail.com	5479701277	910 Wescam Court Wakefield MA 01880	74205941566174227391
443	Albert Absher	absheralbert@gmail.com	5751474751	533 Worley Avenue Lynchburg VA 24551	29346287075341788091
444	Rebekah Rexroat	rebekahrexroat72@gmail.com	6305262779	258 Joseph Street Sheboygan Falls WI 53085	30345415180708588506
445	Krystal Killam	krystalkillam@gmail.com	8164429310	2354 rue Ontario Ouest Montreal QC H2X 1Y8	73368905086784594093
446	Astrid Arnette	arnetteastrid@gmail.com	2446087497	91 Hudson St DUNSDEN GREEN RG4 7LH	62343260578474969972
447	Andra Ascher	andraascher@gmail.com	4816993501	4666 Ocala Street Orlando FL 32822	33678060539003174348
448	Farrah Faith	faithfarrah@gmail.com	5740833346	Via Goffredo Mameli 65 Poggio Catino RI 02040	39459519048274648909
449	Jenifer Johnsen	johnsenjenifer@gmail.com	7656412950	4626 Timbercrest Road Anchorage AK 99515	76525044205779339448
450	Laverna Laroche	lavernalaroche@gmail.com	2417041991	89 Dover Road WESTBURY-ON-SEVERN GL14 0DB	37692858353032562920
451	Laveta Laubscher	lavetalaubscher46@gmail.com	2949351487	73 Hindhead Road EARL'S GREEN IP14 7RH	45855348970425246763
452	Devona Doering	devonadoering@gmail.com	8265636015	Via Alessandro Manzoni 83 Cozzo PV 27030	28494934837454711476
453	Alda Ascher	aldaascher103@gmail.com	4406769835	1869 Albert Street London ON N5W 5K6	47437097364031167825
454	Etsuko Erdman	etsukoerdman65@gmail.com	9310120579	3720 Terra Street Kingston WA 98346	23233438278509190343
455	Noelia Nystrom	noelianystrom67@gmail.com	4170377274	4 Seaford Road CUMNOR OX2 2GW	31917210105117012672
456	Thaddeus Trundy	thaddeustrundy17@gmail.com	4288282120	4864 Alaska Hwy Chetwynd BC V0C 1J0	63126427471861118033
457	Lacresha Lemley	lacreshalemley63@gmail.com	2790721125	Via Tasso 105 Perugia PG 06126	65729906734547648206
458	Dewitt Decoteau	dewittdecoteau11@gmail.com	8082495640	53 Bullwood Rd ST ANTHONY TR2 0TF	44233492758446028099
459	Annie Anderson	annieanderson@gmail.com	2269654526	Via Croce Rossa 90 Su Tillio NU 08020	26111524594140181290
460	Ashlee Alvarez	alvarezashlee@gmail.com	4497163800	536 Junior Avenue Atlanta GA 30303	16300846540602803206
461	Otelia Oliveros	oteliaoliveros@gmail.com	5035300102	Via delle Coste 98 Cantalice RI 02014	19509645107021035253
462	Starr Swindall	starrswindall58@gmail.com	2007200258	1016 Joyce Street Kinston NC 28501	40046590780002374802
463	Cherie Chaires	cheriechaires@gmail.com	4452653103	30 Harrogate Road RUTHVEN PH12 3HF	23491101813815301304
464	Toni Tarbell	tarbelltoni@gmail.com	2830793818	4697 Mandan Road New Florence MO 63363	36458789695620044548
465	Marcell Montez	marcellmontez86@gmail.com	6715865272	Via Palermo 26 Barlassina MI 20030	23961787835237873479
466	Wendy Wint	wendywint122@gmail.com	3955817557	1833 Hall Place Longview TX 75604	94494284769237284970
467	Yvonne Yamashita	yvonneyamashita@gmail.com	7153960639	2175 Five Points Laurel MD 20707	59365772451780996086
468	Veola Vossler	veolavossler88@gmail.com	3579398895	3378 Carling Avenue Ottawa ON K1Z 7B5	62332258785806779559
469	Levi Leath	levileath87@gmail.com	6979957826	Ruschestrasse 84 Wismar MV 23953	15948635605792480172
470	Frederic Farrer	fredericfarrer74@gmail.com	8640330593	Via del Piave 44 Bosio AL 15060	81909486533489280109
471	Page Platero	pageplatero@gmail.com	3726076781	Ellmenreichstrasse 56 Presseck BY 95353	59101507242821223543
472	Jacki Jackson	jackijackson122@gmail.com	8533420332	77 Maidstone Road WENNINGTON LA2 1NB	26354528967379535160
473	Willia Withrow	withrowwillia@gmail.com	7643266528	Oldesloer Strasse 59 Allendorf RP 56370	28374923080481118399
474	Christie Croom	croomchristie@gmail.com	8783971799	736 Creekside Lane Los Angeles CA 90017	89384427439010241750
475	Kisha Krall	kishakrall@gmail.com	8719880592	86 Roman Rd LEIGH BECK SS8 8UF	49553192523653016766
476	Karlyn Kueter	karlynkueter@gmail.com	4512625319	1523 Lauren Drive Madison WI 53718	72675769212868004763
477	Carmine Clewis	carmineclewis@gmail.com	2034651080	Schaarsteinweg 31 Wackersdorf BY 92442	21698370584672679654
478	Cordelia Cornette	cornettecordelia@gmail.com	9401372584	Flotowstr. 80 Bernburg ST 06406	39069559264058747593
479	Kaley Kilby	kaleykilby@gmail.com	6857321807	3145 York St London ON N5W 2S9	81931482966917854350
480	Kieth Keena	keenakieth@gmail.com	3033374104	Frankfurter Allee 94 Freiburg Stadt BW 79100	11314817785892779229
481	Shantae Sandt	shantaesandt@gmail.com	7958435739	Güntzelstrasse 48 Gusenburg RP 54413	56281210115030709920
482	Betsy Becton	bectonbetsy@gmail.com	6990527276	95 Capitol Avenue Indianapolis IN 46225	56079509626858757999
483	Lorilee Lathrop	lorileelathrop119@gmail.com	1005599458	3597 Emily Renzelli Boulevard Soledad CA 93960	28715821212799490583
484	Ha Howser	hahowser@gmail.com	8686176754	546 Zimmerman Lane Los Angeles CA 90057	95210243475367957461
485	Paulene Palladino	palladinopaulene@gmail.com	3913019986	Via dei Serpenti 46 Paspardo BS 25050	53835298866145002665
486	Elvie Englund	elvieenglund@gmail.com	7438668846	43 Marlborough Crescent SOUTHGATE PE31 9AU	79624834612967162749
487	Shani Swisher	shaniswisher@gmail.com	3419277035	82 Quay Street NAVENBY LN5 6UT	24140985799657731690
488	Brittni Barney	brittnibarney56@gmail.com	4009091351	2126 Late Avenue Oklahoma City OK 73102	66888655774343852859
489	Malissa Murff	murffmalissa@gmail.com	2903104778	4474 Glory Road Nashville TN 37204	73673431105668730501
490	Ciara Cerrato	ciaracerrato@gmail.com	4387404174	36 Well Lane PARKHOUSE NP5 1TE	52068619734694347048
491	Else Emmer	elseemmer@gmail.com	9358874168	2211 Roger Street Port Alberni BC V9Y 4M8	29887696422038595536
492	Lisandra Lirette	lisandralirette80@gmail.com	2037771481	1787 Hastings Street Vancouver BC V6C 1B4	48945009441926803365
493	Mickie Miyamoto	mickiemiyamoto@gmail.com	6535526909	37 Felix Lane SHOUGHLAIGE-E-CAINE IM6 2JX	49004025666704507884
494	Yuk Yin	yinyuk@gmail.com	5211749848	Hallesches Ufer 8 Weiskirchen SL 66709	13067282860566295270
495	Franklin Flournoy	flournoyfranklin@gmail.com	7226187935	3890 Nootka Street Vancouver BC V5M 3M5	86516710773459665167
496	Cary Corbett	carycorbett@gmail.com	3968255183	2345 Port Washington Road Carmangay AB T0L 0N0	36094005798449216373
497	Eartha Etsitty	etsittyeartha@gmail.com	7448696971	88 Warren St WEST HEATH B38 8HF	45180187197748975368
498	Raina Rosemond	rosemondraina@gmail.com	5545133124	2513 Main St Fort Qu'appelle SK S0G 1S0	30770179278136021382
499	Zofia Zollinger	zofiazollinger12@gmail.com	2010461802	2 Old Edinburgh Road BELHAVEN EH42 5HF	20101095996266492438
500	Lynwood Lau	laulynwood@gmail.com	1843416338		23144231157614228766
